INSERT INTO `schedule_db`.`teachers`
(`id_teacher`,
 `firstname`, `surname`, `middlename`)
VALUES
  (1, 'Козел', 'Олена', 'Іллівна'),
  (2, 'Гуринович', 'Ліна', 'Дмитрівна'),
  (3, 'Кучірка', 'Марія', 'Михайлівна'),
  (4, 'Скочинська', 'Роксана', 'Романівна'),
  (5, 'Маскович', 'Степан', 'Михайлович'),
  (6, 'Прокіпчин', 'Олександра', 'Ярославівна'),
  (7, 'Ткачук', 'Юрій', 'Зіновійович'),
  (8, 'Аронець', 'Олександр', 'Васильович'),
  (9, 'Бірчак', 'Тарас', 'Васильович'),
  (10, 'Гусак', 'Микола', 'Павлович'),
  (11, 'Кельбас', 'Богдан', 'Андрійович'),
  (12, 'Тучак', 'Наталія', 'Юріївна'),
  (13, 'Гуменюк', 'Степан', 'Дмитрович'),
  (14, 'Кельбас', 'Галина', 'Борисівна'),
  (15, 'Сенів', 'Марія', 'Володимирівна'),
  (16, 'Рубич', 'Ольга', 'Антонівна'),
  (17, 'Черковський', 'Роман', 'Васильович'),
  (18, 'Боднар', 'Наталія', 'Володимирівна'),
  (19, 'Чудик', 'Світлана', 'Ярославівна'),
  (20, 'Луцан', 'Олена', 'Миколаївна'),
  (21, 'Малик', 'Іван', 'Васильович'),
  (22, 'Риндич', 'Роман', 'Ярославович'),
  (23, 'Боднарчук', 'Олег', 'Васильович'),
  (24, 'Равлюк', 'Олена', 'Олегівна'),
  (25, 'Бриндзей', 'Вікторія', 'Вікторівна'),
  (26, 'Черковська', 'Юлія', 'Євгенівна'),
  (27, 'Люшняк', 'Оксана', 'Михайлівна'),
  (28, 'Клейнота', 'Ольга', 'Степанівна'),
  (29, 'Шмідт', 'Любов', 'Михайлівна'),
  (30, 'Шкутова', 'Ірина', 'Іванівна'),
  (31, 'Семеген', 'Марія', 'Михайлівна'),
  (32, 'Павелюк', 'Леся', 'Любомирівна'),
  (33, 'Підгорна', 'Галина', 'Григорівна'),
  (34, 'Уляшкевич', 'Марія', 'Зіновіївна'),
  (35, 'Грицюк', 'Лілія', 'Василівна'),
  (36, 'Бурачок', 'Василь', 'Михайлович'),
  (37, 'Горошко', 'Віктор', 'Михайлович'),
  (38, 'Бевзюк', 'Дмитро', 'Михайлович'),
  (39, 'Сливінський', 'Юрій', 'Дмитрович'),
  (40, 'Угринчук', 'Оксана', 'Володимирівна'),
  (41, 'Федейко', 'Ірина', 'Мирославівна'),
  (42, 'Батюк', 'Володимира', 'Михайлівна'),
  (43, 'Воронцова', 'Олексадра', 'Богданівна'),
  (44, 'Пліщук', 'Марія', 'Василівна'),
  (45, 'Козак', 'Надія', 'Мирославівна'),
  (46, 'Миронишин', 'Людмила', 'Василівна'),
  (47, 'Долганова', 'Наталія', 'Михайлівна'),
  (48, 'Стражник', 'Ольга', 'Ярославівна'),
  (49, 'Балабаник', 'Оксана', 'Костянтинівна'),
  (50, 'Білан', 'Ольга', 'Ярославівна'),
  (51, 'Вовк', 'Ірина', 'Іванівна'),
  (52, 'Володка', 'Юлія', 'Ігорівна'),
  (53, 'Гнатюк', 'Світлана', 'Олексіївна'),
  (54, 'Кучеренко', 'Оксана', 'Іванівна'),
  (55, 'Розметанюк', 'Оксана', 'Тарасівна'),
  (56, 'Семеген', 'Юрій', 'Володимирович'),
  (57, 'Бердій', 'Мар\'яна', 'Ярославівна'),
  (58, 'Левицький', 'Ігор', 'Володимирович'),
  (59, 'Копей', 'Ірина', 'Богданівна'),
  (60, 'Бідасюк', 'Михайло', 'Адольфович'),
  (61, 'Бігун', 'Оксана', 'Богданівна'),
  (62, 'Козак', 'Петро', 'Дмитрович'),
  (63, 'Соловчук', 'Галина', 'Василівна'),
  (64, 'Якубів', 'Василь', 'Васильович'),
  (65, 'Стосяк', 'Богдан', 'Ігорович'),
  (66, 'Голембйовська', 'Наталія', 'Богданівна'),
  (67, 'Абрамченко', 'Ірина', 'Володимирівна'),
  (68, 'Береговський', 'Василь', 'Васильович'),
  (69, 'Дмитрик', 'Ольга', 'Василівна'),
  (70, 'Грималюк', 'Василь', 'Степанович'),
  (71, 'Сидор', 'Марія', 'Володимирівна'),
  (72, 'Йосифів', 'Вікторія', 'Денисівна'),
  (73, 'Пітчук', 'Любов', 'Василівна'),
  (74, 'Семеген', 'Михайло', 'Михайлович'),
  (75, 'Семеген', 'Оксана', 'Миколаївна'),
  (76, 'Гуменюк', 'Мирон', 'Михайлович'),
  (77, 'Дворський', 'Василь', 'Миколайович'),
  (78, 'Батюк', 'Володимир', 'Степанович'),
  (79, 'Маланчук', 'Іван', 'Дмитрович'),
  (80, 'Сокирко', 'Володимир', 'Іванович'),
  (81, 'Максимців', 'Богдан', 'Ярославович'),
  (82, 'Костик', 'Богдан', 'Федорович'),
  (83, 'Бельський', 'Василь', 'Іванович'),
  (84, 'Береговська', 'Оксана', 'Данилівна'),
  (85, 'Уніцька', 'Галина', 'Богданівна'),
  (86, 'Нагірна', 'Надія', 'Іванівна'),
  (87, 'Франчук', 'Михайло', 'Васильович'),
  (88, 'Лютенко', 'Тетяна', 'Володимирівна'),
  (89, 'Малісевич', 'Наталія', 'Миколаївна'),
  (90, 'Скобель', 'Ірина', 'Михайлівна'),
  (91, 'Кононенко', 'Марина', 'Андріївна'),
  (92, 'Колісник', 'Леся', 'Ярославівна'),
  (93, 'Силкіна', 'Галина', 'Анатоліївна'),
  (94, 'Людкевич', 'Людмила', 'Володимирівна'),
  (95, 'Кобрин', 'Оксана', 'Тарасівна'),
  (96, 'Мостова', 'Світлана', 'Василівна'),
  (97, 'Ковальчук', 'Наталія', 'Богданівна'),
  (98, 'Крицька', 'Світлана', 'Володимирівна'),
  (99, 'Гавриленко', 'Галина', 'Володимирівна'),
  (100, 'Камінська', 'Леся', 'Петрівна'),
  (101, 'Непотюк', 'Олександра', 'Василівна'),
  (102, 'Паляниця', 'Ірина', 'Степанівна');

# Аудиторії:
INSERT INTO `schedule_db`.`auditory` (`id_audience`, `facility`, `name`) VALUES ('201', 'kc', 'кц 1');
INSERT INTO `schedule_db`.`auditory` (`id_audience`, `facility`, `name`) VALUES ('202', 'kc', 'кц 2');
INSERT INTO `schedule_db`.`auditory` (`id_audience`, `facility`, `name`) VALUES ('203', 'kc', 'кц 3');
INSERT INTO `schedule_db`.`auditory` (`id_audience`, `facility`, `name`) VALUES ('204', 'kc', 'кц 4');
INSERT INTO `schedule_db`.`auditory` (`id_audience`, `facility`, `name`) VALUES ('205', 'kc', 'кц 5');
INSERT INTO `schedule_db`.`auditory` (`id_audience`, `facility`, `name`) VALUES ('207', 'kc', 'кц 7');
INSERT INTO `schedule_db`.`auditory` (`id_audience`, `facility`, `name`) VALUES ('208', 'kc', 'кц 8');
INSERT INTO `schedule_db`.`auditory` (`id_audience`, `facility`, `name`) VALUES ('209', 'kc', 'кц 9');
INSERT INTO `schedule_db`.`auditory` (`id_audience`, `facility`, `name`) VALUES ('210', 'kc', 'кц 10');
INSERT INTO `schedule_db`.`auditory` (`id_audience`, `facility`, `name`) VALUES ('211', 'kc', 'кц 11');
INSERT INTO `schedule_db`.`auditory` (`id_audience`, `facility`, `name`) VALUES ('212', 'kc', 'кц 12');
INSERT INTO `schedule_db`.`auditory` (`id_audience`, `facility`, `name`) VALUES ('301', 'lk', 'лк 1');
INSERT INTO `schedule_db`.`auditory` (`id_audience`, `facility`, `name`) VALUES ('302', 'lk', 'лк 2');
INSERT INTO `schedule_db`.`auditory` (`id_audience`, `facility`, `name`) VALUES ('303', 'lk', 'лк 3');
INSERT INTO `schedule_db`.`auditory` (`id_audience`, `facility`, `name`) VALUES ('304', 'lk', 'лк 4');
INSERT INTO `schedule_db`.`auditory` (`id_audience`, `facility`, `name`) VALUES ('305', 'lk', 'лк 5');
INSERT INTO `schedule_db`.`auditory` (`id_audience`, `facility`, `name`) VALUES ('306', 'lk', 'лк 6');
INSERT INTO `schedule_db`.`auditory` (`id_audience`, `facility`, `name`) VALUES ('307', 'lk', 'лк 7');
INSERT INTO `schedule_db`.`auditory` (`id_audience`, `facility`, `name`) VALUES ('308', 'lk', 'лк 8');
INSERT INTO `schedule_db`.`auditory` (`id_audience`, `facility`, `name`) VALUES ('309', 'lk', 'лк 9');
INSERT INTO `schedule_db`.`auditory` (`id_audience`, `facility`, `name`) VALUES ('310', 'lk', 'лк 10');
INSERT INTO `schedule_db`.`auditory` (`id_audience`, `facility`, `name`) VALUES ('311', 'lk', 'лк 11');
INSERT INTO `schedule_db`.`auditory` (`id_audience`, `facility`, `name`) VALUES ('312', 'lk', 'лк 12');
INSERT INTO `schedule_db`.`auditory` (`id_audience`, `facility`, `name`) VALUES ('313', 'lk', 'лк 13');
INSERT INTO `schedule_db`.`auditory` (`id_audience`, `facility`, `name`) VALUES ('314', 'lk', 'лк 14');
INSERT INTO `schedule_db`.`auditory` (`id_audience`, `facility`, `name`) VALUES ('315', 'lk', 'лк 15');
INSERT INTO `schedule_db`.`auditory` (`id_audience`, `facility`, `name`) VALUES ('316', 'lk', 'лк 16');
INSERT INTO `schedule_db`.`auditory` (`id_audience`, `facility`, `name`) VALUES ('317', 'lk', 'лк 17');
INSERT INTO `schedule_db`.`auditory` (`id_audience`, `facility`, `name`) VALUES ('318', 'lk', 'лк 18');
INSERT INTO `schedule_db`.`auditory` (`id_audience`, `facility`, `name`) VALUES ('319', 'lk', 'лк 19');
INSERT INTO `schedule_db`.`auditory` (`id_audience`, `facility`, `name`) VALUES ('320', 'lk', 'лк 20');
INSERT INTO `schedule_db`.`auditory` (`id_audience`, `facility`, `name`) VALUES ('321', 'lk', 'лк 21');
INSERT INTO `schedule_db`.`auditory` (`id_audience`, `facility`, `name`) VALUES ('322', 'lk', 'лк 22');
INSERT INTO `schedule_db`.`auditory` (`id_audience`, `facility`, `name`) VALUES ('1101', 'main', '101');
INSERT INTO `schedule_db`.`auditory` (`id_audience`, `facility`, `name`) VALUES ('1102', 'main', '102');
INSERT INTO `schedule_db`.`auditory` (`id_audience`, `facility`, `name`) VALUES ('1103', 'main', '103');
INSERT INTO `schedule_db`.`auditory` (`id_audience`, `facility`, `name`) VALUES ('1104', 'main', '104');
INSERT INTO `schedule_db`.`auditory` (`id_audience`, `facility`, `name`) VALUES ('1105', 'main', '105');
INSERT INTO `schedule_db`.`auditory` (`id_audience`, `facility`, `name`) VALUES ('1106', 'main', '106');
INSERT INTO `schedule_db`.`auditory` (`id_audience`, `facility`, `name`) VALUES ('1107', 'main', '107');
INSERT INTO `schedule_db`.`auditory` (`id_audience`, `facility`, `name`) VALUES ('1108', 'main', '108');
INSERT INTO `schedule_db`.`auditory` (`id_audience`, `facility`, `name`) VALUES ('1109', 'main', '109');
INSERT INTO `schedule_db`.`auditory` (`id_audience`, `facility`, `name`) VALUES ('1110', 'main', '110');
INSERT INTO `schedule_db`.`auditory` (`id_audience`, `facility`, `name`) VALUES ('1111', 'main', '111');
INSERT INTO `schedule_db`.`auditory` (`id_audience`, `facility`, `name`) VALUES ('1112', 'main', '112');
INSERT INTO `schedule_db`.`auditory` (`id_audience`, `facility`, `name`) VALUES ('1113', 'main', '113');
INSERT INTO `schedule_db`.`auditory` (`id_audience`, `facility`, `name`) VALUES ('1114', 'main', '114');
INSERT INTO `schedule_db`.`auditory` (`id_audience`, `facility`, `name`) VALUES ('1115', 'main', '115');
INSERT INTO `schedule_db`.`auditory` (`id_audience`, `facility`, `name`) VALUES ('1116', 'main', '116');
INSERT INTO `schedule_db`.`auditory` (`id_audience`, `facility`, `name`) VALUES ('1117', 'main', '117');
INSERT INTO `schedule_db`.`auditory` (`id_audience`, `facility`, `name`) VALUES ('1118', 'main', '118');
INSERT INTO `schedule_db`.`auditory` (`id_audience`, `facility`, `name`) VALUES ('1119', 'main', '119');
INSERT INTO `schedule_db`.`auditory` (`id_audience`, `facility`, `name`) VALUES ('1201', 'main', '201');
INSERT INTO `schedule_db`.`auditory` (`id_audience`, `facility`, `name`) VALUES ('1202', 'main', '202');
INSERT INTO `schedule_db`.`auditory` (`id_audience`, `facility`, `name`) VALUES ('1203', 'main', '203');
INSERT INTO `schedule_db`.`auditory` (`id_audience`, `facility`, `name`) VALUES ('1204', 'main', '204');
INSERT INTO `schedule_db`.`auditory` (`id_audience`, `facility`, `name`) VALUES ('1205', 'main', '205');
INSERT INTO `schedule_db`.`auditory` (`id_audience`, `facility`, `name`) VALUES ('1206', 'main', '206');
INSERT INTO `schedule_db`.`auditory` (`id_audience`, `facility`, `name`) VALUES ('1207', 'main', '207');
INSERT INTO `schedule_db`.`auditory` (`id_audience`, `facility`, `name`) VALUES ('1208', 'main', '208');
INSERT INTO `schedule_db`.`auditory` (`id_audience`, `facility`, `name`) VALUES ('1209', 'main', '209');
INSERT INTO `schedule_db`.`auditory` (`id_audience`, `facility`, `name`) VALUES ('1210', 'main', '210');
INSERT INTO `schedule_db`.`auditory` (`id_audience`, `facility`, `name`) VALUES ('1211', 'main', '211');
INSERT INTO `schedule_db`.`auditory` (`id_audience`, `facility`, `name`) VALUES ('1212', 'main', '212');
INSERT INTO `schedule_db`.`auditory` (`id_audience`, `facility`, `name`) VALUES ('1213', 'main', '213');
INSERT INTO `schedule_db`.`auditory` (`id_audience`, `facility`, `name`) VALUES ('1214', 'main', '214');
INSERT INTO `schedule_db`.`auditory` (`id_audience`, `facility`, `name`) VALUES ('1215', 'main', '215');
INSERT INTO `schedule_db`.`auditory` (`id_audience`, `facility`, `name`) VALUES ('1216', 'main', '216');
INSERT INTO `schedule_db`.`auditory` (`id_audience`, `facility`, `name`) VALUES ('1217', 'main', '217');
INSERT INTO `schedule_db`.`auditory` (`id_audience`, `facility`, `name`) VALUES ('1218', 'main', '218');
INSERT INTO `schedule_db`.`auditory` (`id_audience`, `facility`, `name`) VALUES ('1219', 'main', '219');
INSERT INTO `schedule_db`.`auditory` (`id_audience`, `facility`, `name`) VALUES ('1301', 'main', '301');
INSERT INTO `schedule_db`.`auditory` (`id_audience`, `facility`, `name`) VALUES ('1302', 'main', '302');
INSERT INTO `schedule_db`.`auditory` (`id_audience`, `facility`, `name`) VALUES ('1303', 'main', '303');
INSERT INTO `schedule_db`.`auditory` (`id_audience`, `facility`, `name`) VALUES ('1304', 'main', '304');
INSERT INTO `schedule_db`.`auditory` (`id_audience`, `facility`, `name`) VALUES ('1305', 'main', '305');
INSERT INTO `schedule_db`.`auditory` (`id_audience`, `facility`, `name`) VALUES ('1306', 'main', '306');
INSERT INTO `schedule_db`.`auditory` (`id_audience`, `facility`, `name`) VALUES ('1307', 'main', '307');
INSERT INTO `schedule_db`.`auditory` (`id_audience`, `facility`, `name`) VALUES ('1308', 'main', '308');
INSERT INTO `schedule_db`.`auditory` (`id_audience`, `facility`, `name`) VALUES ('1309', 'main', '309');
INSERT INTO `schedule_db`.`auditory` (`id_audience`, `facility`, `name`) VALUES ('1310', 'main', '310');
INSERT INTO `schedule_db`.`auditory` (`id_audience`, `facility`, `name`) VALUES ('1311', 'main', '311');
INSERT INTO `schedule_db`.`auditory` (`id_audience`, `facility`, `name`) VALUES ('1312', 'main', '312');
INSERT INTO `schedule_db`.`auditory` (`id_audience`, `facility`, `name`) VALUES ('1314', 'main', '314');
INSERT INTO `schedule_db`.`auditory` (`id_audience`, `facility`, `name`) VALUES ('1315', 'main', '315');
INSERT INTO `schedule_db`.`auditory` (`id_audience`, `facility`, `name`) VALUES ('1316', 'main', '316');
INSERT INTO `schedule_db`.`auditory` (`id_audience`, `facility`, `name`) VALUES ('1317', 'main', '317');
INSERT INTO `schedule_db`.`auditory` (`id_audience`, `facility`, `name`) VALUES ('1318', 'main', '318');
INSERT INTO `schedule_db`.`auditory` (`id_audience`, `facility`, `name`) VALUES ('1319', 'main', '319');
INSERT INTO `schedule_db`.`auditory` (`id_audience`, `facility`, `name`) VALUES ('1320', 'main', '320');
# Аудиторії

#Дисципліни
INSERT INTO `schedule_db`.`disciplines` (`id_disciplines`, `name`)
VALUES ('1', 'Конструювання програмного забезпечення');
INSERT INTO `schedule_db`.`disciplines` (`id_disciplines`, `name`) VALUES ('2', 'Розробка WEB-застосувань');
INSERT INTO `schedule_db`.`disciplines` (`id_disciplines`, `name`) VALUES ('3', 'Соціологія');
INSERT INTO `schedule_db`.`disciplines` (`id_disciplines`, `name`) VALUES ('4', 'Програмування під ОС Android');
INSERT INTO `schedule_db`.`disciplines` (`id_disciplines`, `name`) VALUES ('5', 'Організація комп\'ютерних мереж');
INSERT INTO `schedule_db`.`disciplines` (`id_disciplines`, `name`) VALUES ('6', 'Інформаційний маркетинг');
INSERT INTO `schedule_db`.`disciplines` (`id_disciplines`, `name`) VALUES ('7', 'Економіка і організація виробництва');
INSERT INTO `schedule_db`.`disciplines` (`id_disciplines`, `name`)
VALUES ('8', 'Інструментальні засоби візуального програмування');
INSERT INTO `schedule_db`.`disciplines` (`id_disciplines`, `name`) VALUES ('9', 'Іноземна мова');
INSERT INTO `schedule_db`.`disciplines` (`id_disciplines`, `name`) VALUES ('10', 'Алгоритми та структури даних');
INSERT INTO `schedule_db`.`disciplines` (`id_disciplines`, `name`) VALUES ('11', 'Об\'єктно-орієнтоване програмування');
INSERT INTO `schedule_db`.`disciplines` (`id_disciplines`, `name`) VALUES ('12', 'Операційні системи');
INSERT INTO `schedule_db`.`disciplines` (`id_disciplines`, `name`) VALUES ('13', 'Основи програмної інженерії');
INSERT INTO `schedule_db`.`disciplines` (`id_disciplines`, `name`) VALUES ('14', 'Філософія');
INSERT INTO `schedule_db`.`disciplines` (`id_disciplines`, `name`) VALUES ('15', 'Чисельні методи');
INSERT INTO `schedule_db`.`disciplines` (`id_disciplines`, `name`)
VALUES ('16', 'Основи крос-платформерного програмування');
INSERT INTO `schedule_db`.`disciplines` (`id_disciplines`, `name`) VALUES ('17', 'Фізичне виховання');
INSERT INTO `schedule_db`.`disciplines` (`id_disciplines`, `name`) VALUES ('18', 'Бази даних');
INSERT INTO `schedule_db`.`disciplines` (`id_disciplines`, `name`)
VALUES ('19', 'Основи програмування та алгоритмічні мови');
INSERT INTO `schedule_db`.`disciplines` (`id_disciplines`, `name`) VALUES ('20', 'Диференціальні рівняння');
INSERT INTO `schedule_db`.`disciplines` (`id_disciplines`, `name`) VALUES ('21', 'Інженерна та комп\'ютерна графіка');
INSERT INTO `schedule_db`.`disciplines` (`id_disciplines`, `name`) VALUES ('22', 'Фізика (електрика)');
INSERT INTO `schedule_db`.`disciplines` (`id_disciplines`, `name`)
VALUES ('23', 'Лінійна алгебра та аналітична геометрія');
INSERT INTO `schedule_db`.`disciplines` (`id_disciplines`, `name`) VALUES ('24', 'Технології');
INSERT INTO `schedule_db`.`disciplines` (`id_disciplines`, `name`) VALUES ('25', 'Дискретна математика');
INSERT INTO `schedule_db`.`disciplines` (`id_disciplines`, `name`) VALUES ('26', 'Безпека життєдіяльності');
INSERT INTO `schedule_db`.`disciplines` (`id_disciplines`, `name`) VALUES ('27', 'Культурологія');
#Дисципліни

#Групи
INSERT INTO `schedule_db`.`groups` (`id_group`, `name`) VALUES ('1121', 'ПІ-12-01');
INSERT INTO `schedule_db`.`groups` (`id_group`, `name`) VALUES ('1122', 'ПІ-12-02');
INSERT INTO `schedule_db`.`groups` (`id_group`, `name`) VALUES ('1131', 'ПІ-13-01');
INSERT INTO `schedule_db`.`groups` (`id_group`, `name`) VALUES ('1132', 'ПІ-13-02');
INSERT INTO `schedule_db`.`groups` (`id_group`, `name`) VALUES ('1141', 'ПІ-14-01');
INSERT INTO `schedule_db`.`groups` (`id_group`, `name`) VALUES ('1142', 'ПІ-14-02');
#Групи

#Розклад
INSERT INTO `schedule_db`.`schedule` (`id_schedule`, `group`, `discipline`, `teacher`, `week`, `week_day`, `LessonID`, `auditory`)
VALUES ('1', '1121', '1', '54', '2', '1', '3', '209');
INSERT INTO `schedule_db`.`schedule` (`id_schedule`, `group`, `discipline`, `teacher`, `week`, `week_day`, `LessonID`, `auditory`)
VALUES ('2', '1121', '2', '56', '1', '1', '4', '1320');
INSERT INTO `schedule_db`.`schedule` (`id_schedule`, `group`, `discipline`, `teacher`, `week`, `week_day`, `LessonID`, `auditory`)
VALUES ('3', '1121', '2', '56', '2', '1', '4', '202');
INSERT INTO `schedule_db`.`schedule` (`id_schedule`, `group`, `discipline`, `teacher`, `week`, `week_day`, `LessonID`, `auditory`)
VALUES ('4', '1121', '3', '94', '0', '1', '5', '1304');
INSERT INTO `schedule_db`.`schedule` (`id_schedule`, `group`, `discipline`, `teacher`, `week`, `week_day`, `LessonID`, `auditory`)
VALUES ('5', '1121', '4', '58', '0', '1', '6', '1312');
INSERT INTO `schedule_db`.`schedule` (`id_schedule`, `group`, `discipline`, `teacher`, `week`, `week_day`, `LessonID`, `auditory`)
VALUES ('6', '1121', '4', '58', '1', '2', '2', '1312');
INSERT INTO `schedule_db`.`schedule` (`id_schedule`, `group`, `discipline`, `teacher`, `week`, `week_day`, `LessonID`, `auditory`)
VALUES ('7', '1121', '4', '58', '2', '2', '2', '202');
INSERT INTO `schedule_db`.`schedule` (`id_schedule`, `group`, `discipline`, `teacher`, `week`, `week_day`, `LessonID`, `auditory`)
VALUES ('8', '1121', '5', '56', '1', '2', '3', '1312');
INSERT INTO `schedule_db`.`schedule` (`id_schedule`, `group`, `discipline`, `teacher`, `week`, `week_day`, `LessonID`, `auditory`)
VALUES ('9', '1121', '5', '56', '2', '2', '3', '202');
INSERT INTO `schedule_db`.`schedule` (`id_schedule`, `group`, `discipline`, `teacher`, `week`, `week_day`, `LessonID`, `auditory`)
VALUES ('10', '1121', '6', '96', '1', '2', '4', '1203');
INSERT INTO `schedule_db`.`schedule` (`id_schedule`, `group`, `discipline`, `teacher`, `week`, `week_day`, `LessonID`, `auditory`)
VALUES ('11', '1121', '2', '56', '2', '2', '4', '209');
INSERT INTO `schedule_db`.`schedule` (`id_schedule`, `group`, `discipline`, `teacher`, `week`, `week_day`, `LessonID`, `auditory`)
VALUES ('12', '1121', '7', '98', '2', '3', '3', '1119');
INSERT INTO `schedule_db`.`schedule` (`id_schedule`, `group`, `discipline`, `teacher`, `week`, `week_day`, `LessonID`, `auditory`)
VALUES ('13', '1121', '8', '55', '1', '3', '4', '1320');
INSERT INTO `schedule_db`.`schedule` (`id_schedule`, `group`, `discipline`, `teacher`, `week`, `week_day`, `LessonID`, `auditory`)
VALUES ('14', '1121', '8', '55', '2', '3', '4', '204');
INSERT INTO `schedule_db`.`schedule` (`id_schedule`, `group`, `discipline`, `teacher`, `week`, `week_day`, `LessonID`, `auditory`)
VALUES ('15', '1121', '2', '56', '0', '3', '5', '1312');
INSERT INTO `schedule_db`.`schedule` (`id_schedule`, `group`, `discipline`, `teacher`, `week`, `week_day`, `LessonID`, `auditory`)
VALUES ('16', '1121', '7', '98', '1', '4', '3', '1317');
INSERT INTO `schedule_db`.`schedule` (`id_schedule`, `group`, `discipline`, `teacher`, `week`, `week_day`, `LessonID`, `auditory`)
VALUES ('17', '1121', '7', '98', '2', '4', '3', '1103');
INSERT INTO `schedule_db`.`schedule` (`id_schedule`, `group`, `discipline`, `teacher`, `week`, `week_day`, `LessonID`, `auditory`)
VALUES ('18', '1121', '8', '55', '1', '4', '4', '202');
INSERT INTO `schedule_db`.`schedule` (`id_schedule`, `group`, `discipline`, `teacher`, `week`, `week_day`, `LessonID`, `auditory`)
VALUES ('19', '1121', '8', '55', '2', '4', '4', '1312');
INSERT INTO `schedule_db`.`schedule` (`id_schedule`, `group`, `discipline`, `teacher`, `week`, `week_day`, `LessonID`, `auditory`)
VALUES ('20', '1121', '1', '54', '1', '4', '5', '202');
INSERT INTO `schedule_db`.`schedule` (`id_schedule`, `group`, `discipline`, `teacher`, `week`, `week_day`, `LessonID`, `auditory`)
VALUES ('21', '1121', '4', '58', '2', '4', '5', '202');
INSERT INTO `schedule_db`.`schedule` (`id_schedule`, `group`, `discipline`, `teacher`, `week`, `week_day`, `LessonID`, `auditory`)
VALUES ('22', '1121', '5', '56', '1', '5', '2', '209');
INSERT INTO `schedule_db`.`schedule` (`id_schedule`, `group`, `discipline`, `teacher`, `week`, `week_day`, `LessonID`, `auditory`)
VALUES ('23', '1121', '1', '54', '2', '5', '2', '209');
INSERT INTO `schedule_db`.`schedule` (`id_schedule`, `group`, `discipline`, `teacher`, `week`, `week_day`, `LessonID`, `auditory`)
VALUES ('24', '1121', '6', '96', '1', '5', '3', '1103');
INSERT INTO `schedule_db`.`schedule` (`id_schedule`, `group`, `discipline`, `teacher`, `week`, `week_day`, `LessonID`, `auditory`)
VALUES ('25', '1121', '6', '96', '2', '5', '3', '1309');
INSERT INTO `schedule_db`.`schedule` (`id_schedule`, `group`, `discipline`, `teacher`, `week`, `week_day`, `LessonID`, `auditory`)
VALUES ('26', '1121', '2', '56', '1', '5', '4', '1312');
INSERT INTO `schedule_db`.`schedule` (`id_schedule`, `group`, `discipline`, `teacher`, `week`, `week_day`, `LessonID`, `auditory`)
VALUES ('27', '1121', '7', '98', '21', '5', '4', '1117');
INSERT INTO `schedule_db`.`schedule` (`id_schedule`, `group`, `discipline`, `teacher`, `week`, `week_day`, `LessonID`, `auditory`)
VALUES ('28', '1121', '3', '94', '22', '5', '4', '1117');
INSERT INTO `schedule_db`.`schedule` (`id_schedule`, `group`, `discipline`, `teacher`, `week`, `week_day`, `LessonID`, `auditory`)
VALUES ('29', '1122', '1', '54', '21', '1', '4', '203');
INSERT INTO `schedule_db`.`schedule` (`id_schedule`, `group`, `discipline`, `teacher`, `week`, `week_day`, `LessonID`, `auditory`)
VALUES ('30', '1122', '1', '54', '22', '1', '4', '1207');
INSERT INTO `schedule_db`.`schedule` (`id_schedule`, `group`, `discipline`, `teacher`, `week`, `week_day`, `LessonID`, `auditory`)
VALUES ('31', '1122', '5', '66', '1', '1', '5', '203');
INSERT INTO `schedule_db`.`schedule` (`id_schedule`, `group`, `discipline`, `teacher`, `week`, `week_day`, `LessonID`, `auditory`)
VALUES ('32', '1122', '5', '66', '2', '1', '5', '1101');
INSERT INTO `schedule_db`.`schedule` (`id_schedule`, `group`, `discipline`, `teacher`, `week`, `week_day`, `LessonID`, `auditory`)
VALUES ('33', '1122', '3', '94', '0', '1', '6', '1304');
INSERT INTO `schedule_db`.`schedule` (`id_schedule`, `group`, `discipline`, `teacher`, `week`, `week_day`, `LessonID`, `auditory`)
VALUES ('34', '1122', '2', '56', '0', '1', '7', '1312');
INSERT INTO `schedule_db`.`schedule` (`id_schedule`, `group`, `discipline`, `teacher`, `week`, `week_day`, `LessonID`, `auditory`)
VALUES ('35', '1122', '4', '58', '0', '2', '4', '202');
INSERT INTO `schedule_db`.`schedule` (`id_schedule`, `group`, `discipline`, `teacher`, `week`, `week_day`, `LessonID`, `auditory`)
VALUES ('36', '1122', '2', '56', '0', '2', '5', '1312');
INSERT INTO `schedule_db`.`schedule` (`id_schedule`, `group`, `discipline`, `teacher`, `week`, `week_day`, `LessonID`, `auditory`)
VALUES ('37', '1122', '5', '66', '21', '2', '6', '1312');
INSERT INTO `schedule_db`.`schedule` (`id_schedule`, `group`, `discipline`, `teacher`, `week`, `week_day`, `LessonID`, `auditory`)
VALUES ('38', '1122', '3', '94', '12', '2', '6', '1117');
INSERT INTO `schedule_db`.`schedule` (`id_schedule`, `group`, `discipline`, `teacher`, `week`, `week_day`, `LessonID`, `auditory`)
VALUES ('39', '1122', '7', '98', '1', '3', '4', '324');
INSERT INTO `schedule_db`.`schedule` (`id_schedule`, `group`, `discipline`, `teacher`, `week`, `week_day`, `LessonID`, `auditory`)
VALUES ('40', '1122', '6', '96', '2', '3', '4', '1309');
INSERT INTO `schedule_db`.`schedule` (`id_schedule`, `group`, `discipline`, `teacher`, `week`, `week_day`, `LessonID`, `auditory`)
VALUES ('41', '1122', '6', '96', '1', '3', '5', '1309');
INSERT INTO `schedule_db`.`schedule` (`id_schedule`, `group`, `discipline`, `teacher`, `week`, `week_day`, `LessonID`, `auditory`)
VALUES ('42', '1122', '8', '55', '21', '3', '5', '207');
INSERT INTO `schedule_db`.`schedule` (`id_schedule`, `group`, `discipline`, `teacher`, `week`, `week_day`, `LessonID`, `auditory`)
VALUES ('43', '1122', '3', '94', '21', '3', '5', '207');
INSERT INTO `schedule_db`.`schedule` (`id_schedule`, `group`, `discipline`, `teacher`, `week`, `week_day`, `LessonID`, `auditory`)
VALUES ('44', '1122', '2', '56', '0', '3', '6', '1312');
INSERT INTO `schedule_db`.`schedule` (`id_schedule`, `group`, `discipline`, `teacher`, `week`, `week_day`, `LessonID`, `auditory`)
VALUES ('45', '1122', '8', '55', '1', '3', '7', '207');
INSERT INTO `schedule_db`.`schedule` (`id_schedule`, `group`, `discipline`, `teacher`, `week`, `week_day`, `LessonID`, `auditory`)
VALUES ('46', '1122', '6', '96', '2', '4', '3', '324');
INSERT INTO `schedule_db`.`schedule` (`id_schedule`, `group`, `discipline`, `teacher`, `week`, `week_day`, `LessonID`, `auditory`)
VALUES ('47', '1122', '7', '98', '0', '4', '4', '321');
INSERT INTO `schedule_db`.`schedule` (`id_schedule`, `group`, `discipline`, `teacher`, `week`, `week_day`, `LessonID`, `auditory`)
VALUES ('48', '1122', '8', '55', '0', '4', '5', '209');
INSERT INTO `schedule_db`.`schedule` (`id_schedule`, `group`, `discipline`, `teacher`, `week`, `week_day`, `LessonID`, `auditory`)
VALUES ('49', '1122', '4', '58', '1', '4', '6', '312');
INSERT INTO `schedule_db`.`schedule` (`id_schedule`, `group`, `discipline`, `teacher`, `week`, `week_day`, `LessonID`, `auditory`)
VALUES ('50', '1122', '4', '58', '2', '4', '6', '202');
INSERT INTO `schedule_db`.`schedule` (`id_schedule`, `group`, `discipline`, `teacher`, `week`, `week_day`, `LessonID`, `auditory`)
VALUES ('51', '1122', '1', '54', '11', '5', '3', '1320');
INSERT INTO `schedule_db`.`schedule` (`id_schedule`, `group`, `discipline`, `teacher`, `week`, `week_day`, `LessonID`, `auditory`)
VALUES ('52', '1122', '8', '55', '12', '5', '3', '1320');
INSERT INTO `schedule_db`.`schedule` (`id_schedule`, `group`, `discipline`, `teacher`, `week`, `week_day`, `LessonID`, `auditory`)
VALUES ('53', '1122', '1', '54', '2', '5', '3', '210');
INSERT INTO `schedule_db`.`schedule` (`id_schedule`, `group`, `discipline`, `teacher`, `week`, `week_day`, `LessonID`, `auditory`)
VALUES ('54', '1122', '7', '98', '11', '5', '4', '1117');
INSERT INTO `schedule_db`.`schedule` (`id_schedule`, `group`, `discipline`, `teacher`, `week`, `week_day`, `LessonID`, `auditory`)
VALUES ('55', '1122', '1', '54', '12', '5', '4', '1320');
INSERT INTO `schedule_db`.`schedule` (`id_schedule`, `group`, `discipline`, `teacher`, `week`, `week_day`, `LessonID`, `auditory`)
VALUES ('56', '1122', '4', '58', '2', '5', '4', '1312');
#Розклад

SELECT
  s.id_schedule,
  s.LessonID   AS "inorder",
  sub.`name`   AS 'subject',
  a.`name`     AS 'auditory',
  g.`name`     AS '_group',
  t.firstname  AS 'tfirstname',
  t.middlename AS 'tmiddlename'
FROM schedule_db.schedule s
  INNER JOIN groups g ON s.`group` = g.id_group
  INNER JOIN disciplines sub ON s.discipline = sub.id_disciplines
  INNER JOIN teachers t ON s.teacher = t.id_teacher
  INNER JOIN auditory a ON s.auditory = a.id_audience
WHERE (s.week_day = :currentnday)
      AND (g.`name` = :_group)
      AND (`week` = 0 OR `week` = :ispair OR `week` = :specificweek)
ORDER BY s.LessonID, s.id_schedule

SELECT
  s.id_schedule,
  s.week_day   AS 'week_day',
  s.LessonID   AS "inorder",
  sub.`name`   AS 'subject',
  a.`name`     AS 'auditory',
  g.`name`     AS '_group',
  t.firstname  AS 'tfirstname',
  t.middlename AS 'tmiddlename',
  t.surname    AS 'tsurname'
FROM schedule_db.schedule s
  INNER JOIN groups g ON s.`group` = g.id_group
  INNER JOIN disciplines sub ON s.discipline = sub.id_disciplines
  INNER JOIN teachers t ON s.teacher = t.id_teacher
  INNER JOIN auditory a ON s.auditory = a.id_audience
WHERE /*(s.week_day = :currentday)
      AND*/ (g.`name` = :_group)
            AND (`week` = 0 OR `week` = :ispair OR `week` = :specificweek)
ORDER BY s.week_day, s.LessonID, s.id_schedule